accession	accession_version	strain	date	region	country	division	location	length	host	is_lab_host	date_released	date_updated	sra_accessions	authors	full_authors	institution	url	coverage	cdsCoverage	missing_data	divergence	nonACGTN	QC_missing_data	QC_mixed_sites	QC_rare_mutations	QC_frame_shifts	QC_stop_codons	frame_shifts	p48_coverage	NTPase_coverage	p22_coverage	VPg_coverage	3CLpro_coverage	RdRp_coverage	VP1_coverage	VP2_coverage	ORF2_type	ORF1_type	VP1_nextclade	VP1_group	VP1_type	VP1_variant	RdRp_nextclade	RdRp_group	RdRp_type	RdRp_variant
OR951132	OR951132.1	GX2017	2017-XX-XX	Asia	China			1663	"Taphozous melanopogon"		2024-03-19	2024-03-19	SRS18304742	"Wang et al."	Wang,Y.,Xu,P.,Han,Y.,Zhao,W.,Zhao,L.,Li,R.,Zhang,J.,Zhang,S.,Lu,J.,Jin,Q.,Wu,Z.	"Institute of Pathogen Biology Chinese Academy of Medical Sciences and Peking Union Medical College, Pathogen Biology"	https://www.ncbi.nlm.nih.gov/nuccore/OR951132	0.22176290172022936	3CLpro:0.143646408839779,ORF1:0.31588235294117645,RdRp:1,VP1:0.04436229205175601	0	625	0							0.0	0.0	0.0	0.0	0.144	1.0	0.044	0.0			GII.4	GII	GII.4	Sydney_2012*	GVII.P1	GVII.P	GVII.P1	
OR951134	OR951134.1	GX2017	2017-XX-XX	Asia	China			6583	"Taphozous melanopogon"		2024-03-19	2024-03-19	SRS18304742	"Wang et al."	Wang,Y.,Xu,P.,Han,Y.,Zhao,W.,Zhao,L.,Li,R.,Zhang,J.,Zhang,S.,Lu,J.,Jin,Q.,Wu,Z.	"Institute of Pathogen Biology Chinese Academy of Medical Sciences and Peking Union Medical College, Pathogen Biology"	https://www.ncbi.nlm.nih.gov/nuccore/OR951134	0.8937191625550074	3CLpro:1,NTPase:1,ORF1:0.03176470588235294,RdRp:1,VP1:0.08502772643253234,VP2:0.19622641509433963,VPg:1,p22:0.8192090395480226,p48:0.09036144578313253	0	2710	0						ORF1:104-115,ORF1:135-699,ORF1:707-829,ORF1:853-864,ORF1:871-1700,p48:104-115,p48:135-332,p22:2-6,p22:145-171,VP1:23-336,VP1:345-391,VP1:408-541,VP2:4-40	0.09	1.0	0.819	1.0	1.0	1.0	0.085	0.196			GII.4	GII	GII.4	Sydney_2012*	GX.P1	GX.P	GX.P1	
PP211252	PP211252.1	Ra.norvegicus_calici_1	2018-XX-XX	Asia	China			3222	"Rattus norvegicus"		2025-05-15	2025-05-15	SRR27670075	"Zhang et al."	Zhang,X.-A.,Hu,Z.-Y.,Zhang,Y.-F.,Liu,W.	"Beijing Institute of Microbiology and Epidemiology, State Key Laboratory of Pathogen and Biosecurity"	https://www.ncbi.nlm.nih.gov/nuccore/PP211252	0.4312575010001333	3CLpro:1,ORF1:0.5029411764705882,RdRp:0.9784313725490196,VP1:0.4029574861367837,VPg:1,p22:0.23163841807909605	0	1386	0						ORF1:1678-1688,RdRp:489-499	0.0	0.0	0.232	1.0	1.0	0.978	0.403	0.0			GII.4	GII	GII.4	Sydney_2012*	GV.P1	GV.P	GV.P1	
PQ182552	PQ182552.1	WHM01	2023-01-01	Asia	China			7903	"Neogale vison"		2024-08-26	2024-08-26		"Li et al."	Li,C.,Zhu,W.,Liu,S.,Niu,R.,Qian,L.,Holmes,E.C.,Li,J.,Shi,W.	"Shandong First Medical University & Shandong Academy of Medical Sciences, Key Laboratory of Etiology and Epidemiology of Emerging Infectious Diseases in Universities of Shandong"	https://www.ncbi.nlm.nih.gov/nuccore/PQ182552	1	3CLpro:1,NTPase:1,ORF1:0.981764705882353,RdRp:1,VP1:0.866913123844732,VP2:0.8641509433962264,VPg:1,p22:0.9265536723163842,p48:0.9457831325301205	0	2777	0						ORF1:26-37,ORF1:854-864,p48:26-37,p22:156-166,VP1:291-310,VP1:337-354,VP1:366-380,VP2:130-143	0.946	1.0	0.927	1.0	1.0	1.0	0.867	0.864			GII.4	GII	GII.4	Sydney_2012*	GVI.P1	GVI.P	GVI.P1	
PV210958	PV210958.1	JHC2	2022-XX-XX	Asia	China			1644	"Rattus tanezumi"		2025-03-16	2025-03-16	SRR31610210	"Xia et al."	Xia,X.,Wang,B.,Hou,Y.	"Faculty of Life Science and Technology, Kunming University of Science and Technology"	https://www.ncbi.nlm.nih.gov/nuccore/PV210958	0.21762901720229363	ORF1:0.004705882352941176,RdRp:0.013725490196078431,VP1:0.922365988909427,VP2:0.0037735849056603774	0	758	0						VP1:338-345,VP1:359-366,VP1:397-418	0.0	0.0	0.0	0.0	0.0	0.014	0.922	0.004			GII.4	GII	GII.4	Sydney_2012*	GII.P16	GII.P	GII.P16	
PV210959	PV210959.1	JPC2	2024-XX-XX	Asia	China			1647	"Rattus norvegicus"		2025-03-16	2025-03-16	SRR31610272	"Xia et al."	Xia,X.,Wang,B.,Hou,Y.	"Faculty of Life Science and Technology, Kunming University of Science and Technology"	https://www.ncbi.nlm.nih.gov/nuccore/PV210959	0.21762901720229363	ORF1:0.0017647058823529412,RdRp:0.0058823529411764705,VP1:0.9038817005545287,VP2:0.0037735849056603774	0	786	0						ORF1:1696-1700,RdRp:507-510,VP1:3-15,VP1:220-233,VP1:371-385,VP1:441-446	0.0	0.0	0.0	0.0	0.0	0.006	0.904	0.004			GII.4	GII	GII.4	Sydney_2012*	GII.P16	GII.P	GII.P16	
PV210961	PV210961.1	LHC1	2022-XX-XX	Asia	China			1647	"Rattus norvegicus"		2025-03-16	2025-03-16	SRR31610262	"Xia et al."	Xia,X.,Wang,B.,Hou,Y.	"Faculty of Life Science and Technology, Kunming University of Science and Technology"	https://www.ncbi.nlm.nih.gov/nuccore/PV210961	0.21762901720229363	ORF1:0.004705882352941176,RdRp:0.013725490196078431,VP1:0.9852125693160814,VP2:0.0037735849056603774	0	782	0						VP1:438-445	0.0	0.0	0.0	0.0	0.0	0.014	0.985	0.004			GII.4	GII	GII.4	Sydney_2012*	GII.P16	GII.P	GII.P16	
MW810333	MW810333.1	MW810333	2018-XX-XX	Asia	China	Xibian		8092	Bovidae		2021-08-18	2024-09-09	SRR14057249,SRR14057250,SRR14057251,SRR14057252,SRR14060464,SRR14060465,SRR14060466,SRR14060467,SRR14060468,SRR14060469,SRR14060470,SRR14060471,SRR14060472,SRR14060473,SRR14060474,SRR14060475,SRR14061482,SRR14061483,SRR14061484,SRR14061485,SRR14061486,SRR14061487,SRR14061488,SRR14061489,SRR14061490,SRR14061516,SRR14061517,SRR14061518,SRR14061519,SRR14061520	"Lu et al."	Lu,X.,Hua,X.,Wang,Y.,Zhang,D.,Jiang,S.,Yang,S.,Wang,X.,Shen,Q.,Zhou,T.,Lin,Z.,Zhang,W.,Cui,L.,Yang,X.S.	"Jiangsu University, School of Medicine"	https://www.ncbi.nlm.nih.gov/nuccore/MW810333	0.9729297239631951	3CLpro:1,NTPase:1,ORF1:0.8976470588235295,RdRp:1,VP1:0.9057301293900185,VP2:0.6943396226415094,VPg:1,p22:0.536723163841808,p48:0.7228915662650602	0	3208	0						ORF1:94-109,ORF1:242-248,ORF1:786-847,p48:94-109,p48:242-248,p22:88-149,VP1:297-316,VP1:385-400,VP1:410-417,VP1:541,VP2:48-49,VP2:134-141,VP2:201-265	0.723	1.0	0.537	1.0	1.0	1.0	0.906	0.694			GII.4	GII	GII.4	Sydney_2012*	GIII.P1	GIII.P	GIII.P1	
NC_040674	NC_040674.1	NC_040674	2013-XX-XX	Asia	China			6453	"Marmota himalayana"		2019-02-12	2019-09-12		"Luo et al."	Luo,X.L.,Lu,S.,Jin,D.,Yang,J.,Wu,S.S.,Xu,J.,Luo,X.,Xiong,Y.,Pu,J.	"National Center for Biotechnology Information, NIH"	https://www.ncbi.nlm.nih.gov/nuccore/NC_040674	0.9109214561941592	3CLpro:0.5248618784530387,NTPase:0.726775956284153,ORF1:0.07647058823529412,RdRp:0.9019607843137255,VP1:0.8927911275415896,VP2:0.35094339622641507,VPg:0.5789473684210527,p22:0.3446327683615819,p48:0.09939759036144578	0	3298	0						ORF1:126-177,ORF1:188-211,ORF1:234-268,ORF1:277-426,ORF1:438-668,ORF1:714-773,ORF1:828-977,ORF1:989-1047,ORF1:1088-1102,ORF1:1115-1177,ORF1:1189-1211,ORF1:1223-1536,ORF1:1544-1691,p48:126-177,p48:188-211,p48:234-268,p48:277-332,NTPase:16-37,NTPase:60-74,NTPase:99-105,NTPase:346-366,p22:44-61,p22:76-150,p22:159-172,VPg:12-41,VPg:88-113,3CLpro:40-85,3CLpro:96-105,3CLpro:170-177,RdRp:25-32,RdRp:316-330,RdRp:349-353,RdRp:492-510,VP1:349-352,VP1:370-381,VP1:396-406,VP1:459-472,VP1:501-508,VP2:61-119,VP2:138-149	0.099	0.727	0.345	0.579	0.525	0.902	0.893	0.351			GII.4	GII	GII.4	Sydney_2012*	GII.P16	GII.P	GII.P16	
OK254099	OK254099.1	ORF1	2020-07-15	Asia	China			5055	"Bos taurus"		2021-12-31	2021-12-31		"Ma et al."	Ma,X.,Ma,Z.	"Xinjiang Agricultural University, College of Veterinary Medicine"	https://www.ncbi.nlm.nih.gov/nuccore/OK254099	0.678490465395386	3CLpro:1,NTPase:1,ORF1:0.9311764705882353,RdRp:0.9980392156862745,VP1:0.0073937153419593345,VPg:0.9398496240601504,p22:0.8700564971751412,p48:0.7951807228915663	0	2234	0						ORF1:27-92,ORF1:831-853,ORF1:977-980,p48:27-92,p22:133-155,VPg:102-105	0.795	1.0	0.87	0.94	1.0	0.998	0.007	0.0			GII.4	GII	GII.4	Sydney_2012*	GIII.P2	GIII.P	GIII.P2	
OL304917	OL304917.1	Bo/XJ-TC-2/2021/China	2020-07-15	Asia	China			5055	"Bos taurus"		2021-12-31	2021-12-31		"Ma et al."	Ma,X.L.,Ma,Z.	"Xinjiang Agricultural University, College of Veterinary Medicine"	https://www.ncbi.nlm.nih.gov/nuccore/OL304917	0.678490465395386	3CLpro:1,NTPase:1,ORF1:0.9311764705882353,RdRp:0.9980392156862745,VP1:0.0073937153419593345,VPg:0.9398496240601504,p22:0.8700564971751412,p48:0.7951807228915663	0	2234	0						ORF1:27-92,ORF1:831-853,ORF1:977-980,p48:27-92,p22:133-155,VPg:102-105	0.795	1.0	0.87	0.94	1.0	0.998	0.007	0.0			GII.4	GII	GII.4	Sydney_2012*	GIII.P2	GIII.P	GIII.P2	
OL831112	OL831112.1	yak	2020-10-01	Asia	China			5489	"Bos grunniens"		2021-12-19	2021-12-19		"Cui et al."	Cui,Y.	"Southwest Minzu University, College of Life Science and Technology"	https://www.ncbi.nlm.nih.gov/nuccore/OL831112	0.7343645819442592	3CLpro:1,NTPase:0.9781420765027322,ORF1:0.027058823529411764,RdRp:1,VP1:0.26247689463955637,VPg:0.8646616541353384,p22:0.7570621468926554,p48:0.09939759036144578	0	2356	0						ORF1:7-53,ORF1:77-242,ORF1:250-967,ORF1:984-1700,p48:7-53,p48:77-242,p48:250-332,NTPase:341-348,p22:131-164,VPg:75-85,VPg:102-105	0.099	0.978	0.757	0.865	1.0	1.0	0.262	0.0			GII.4	GII	GII.4	Sydney_2012*	GIII.P2	GIII.P	GIII.P2	
MW165826	MW165826.1	Dog/D42/19/CH	2019-09-05	Asia	China			1533	"Canis lupus familiaris"		2020-10-30	2020-10-30		"Ma et al."	Ma,H.	"College of Life Science and Technology, Southwest Minzu University"	https://www.ncbi.nlm.nih.gov/nuccore/MW165826	0.2040272036271503	ORF1:0.3,RdRp:1,VP1:0.009242144177449169	0	515	0							0.0	0.0	0.0	0.0	0.0	1.0	0.009	0.0			GII.4	GII	GII.4	Sydney_2012*	GVI.P1	GVI.P	GVI.P1	
MW165827	MW165827.1	Dog/Z7/19/CH	2019-05-28	Asia	China			1533	"Canis lupus familiaris"		2020-10-30	2020-10-30		"Ma et al."	Ma,H.	"College of Life Science and Technology, Southwest Minzu University"	https://www.ncbi.nlm.nih.gov/nuccore/MW165827	0.2040272036271503	ORF1:0.3,RdRp:1,VP1:0.009242144177449169	0	520	0							0.0	0.0	0.0	0.0	0.0	1.0	0.009	0.0			GII.4	GII	GII.4	Sydney_2012*	GVI.P1	GVI.P	GVI.P1	
MG786810	MG786810.1	MNV-UW	2015-03-20	"North America"	USA			5360	"Mus musculus"	true	2018-02-17	2018-02-17		"Seamons et al."	Seamons,A.,Treuting,P.M.,Meeker,S.,Hsu,C.,Paik,J.,Brabb,T.,Escobar,S.S.,Alexander,J.S.,Ericsson,A.,Smith,J.G.,Maggio-Price,L.	"University of Washington, Comparative Medicine"	https://www.ncbi.nlm.nih.gov/nuccore/MG786810	0.7180957460994799	3CLpro:1,NTPase:1,ORF1:0.9311764705882353,RdRp:1,VP1:0.19408502772643252,VPg:1,p22:0.8587570621468926,p48:0.7228915662650602	2	2414	0						ORF1:30-90,ORF1:106-111,ORF1:770-783,ORF1:839-846,p48:30-90,p48:106-111,p22:72-85,p22:141-148	0.723	1.0	0.859	1.0	1.0	1.0	0.194	0.0			GII.4	GII	GII.4	Sydney_2012*	GV.P1	GV.P	GV.P1	
MK159171	MK159171.2	Bo/MI-43/18/CH	2018-09-02	Asia	China			2332	"Bos taurus"		2018-12-01	2019-06-05		"Wang et al."	Wang,Y.	"College of Life Science and Technology, Southwest Minzu University"	https://www.ncbi.nlm.nih.gov/nuccore/MK159171	0.3247099613281771	ORF1:0.09647058823529411,RdRp:0.3196078431372549,VP1:0.9796672828096118,VP2:0.4226415094339623	0	1087	0						VP1:372-373,VP1:410-415	0.0	0.0	0.0	0.0	0.0	0.32	0.98	0.423			GII.4	GII	GII.4	Sydney_2012*	GII.P16	GII.P	GII.P16	
MK928498	MK928498.1	CU_21939	2018-07-XX	Asia	Thailand			7513	"Canis lupus familiaris"		2020-02-07	2020-02-07		"Charoenkul et al."	Charoenkul,K.,Nasamran,C.,Janetanakit,T.,Tangwangvivat,R.,Bunpapong,N.,Boonyapisitsopa,S.,Suwannakarn,K.,Theamboonler,A.,Chuchaona,W.,Poovorawan,Y.,Amonsin,A.,Chaiwong,S.	"Faculty of Veterinary Science, Chulalongkorn University, Veterinary Public Health"	https://www.ncbi.nlm.nih.gov/nuccore/MK928498	1	3CLpro:1,NTPase:1,ORF1:1,RdRp:1,VP1:1,VP2:1,VPg:1,p22:1,p48:1	0	1257	0							1.0	1.0	1.0	1.0	1.0	1.0	1.0	1.0			GII.4	GII	GII.4	Sydney_2012*	GII.P31	GII.P	GII.P31	
MK928499	MK928499.1	CU_21952	2018-07-XX	Asia	Thailand			7513	"Canis lupus familiaris"		2020-02-07	2020-02-07		"Charoenkul et al."	Charoenkul,K.,Nasamran,C.,Janetanakit,T.,Tangwangvivat,R.,Bunpapong,N.,Boonyapisitsopa,S.,Suwannakarn,K.,Theamboonler,A.,Chuchaona,W.,Poovorawan,Y.,Amonsin,A.,Chaiwong,S.	"Faculty of Veterinary Science, Chulalongkorn University, Veterinary Public Health"	https://www.ncbi.nlm.nih.gov/nuccore/MK928499	1	3CLpro:1,NTPase:1,ORF1:1,RdRp:1,VP1:1,VP2:1,VPg:1,p22:1,p48:1	0	1257	0							1.0	1.0	1.0	1.0	1.0	1.0	1.0	1.0			GII.4	GII	GII.4	Sydney_2012*	GII.P31	GII.P	GII.P31	
MG557652	MG557652.1	GI/Hu/ETH/2016/P26	2016-04-XX	Africa	Ethiopia			7107	"Homo sapiens"		2017-12-20	2018-09-21		"Altan et al."	Altan,E.,Aiemjoy,K.,Phan,T.G.,Deng,X.,Aragie,S.,Tadesse,Z.,Callahan,K.E.,Keenan,J.,Delwart,E.	"Blood Systems Research Institute, Molecular Virology"	https://www.ncbi.nlm.nih.gov/nuccore/MG557652	0.619949326576877	3CLpro:0.011049723756906077,NTPase:0.8633879781420765,ORF1:0,RdRp:0.6588235294117647,VP1:0.4121996303142329,VP2:0,VPg:0.46616541353383456,p22:0.3220338983050847,p48:0.05421686746987952	2405	2048	0						ORF1:85-101,ORF1:113-937,ORF1:1061-1700,p48:85-101,p48:113-332,p22:51-81,p22:90-175,VPg:63-133,3CLpro:53-181,VP1:300-311,VP1:332-333,VP1:386-395,VP1:536-541,VP2:33-265	0.054	0.863	0.322	0.466	0.011	0.659	0.412	0.0	GI.6	GI.P6	GII.4	GII	GII.4	Sydney_2012*	GI.P6	GI.P	GI.P6	
MG572714	MG572714.1	PF080916	2008-09-XX	Asia	"Hong Kong"			7775	"Zalophus californianus"		2018-04-13	2018-04-13		"Woo et al."	Woo,P.C.Y.,Teng,J.L.L.,Chan,W.M.,Lau,S.K.P.,Yuen,K.Y.	"The University of Hong Kong, Microbiology"	https://www.ncbi.nlm.nih.gov/nuccore/MG572714	0.9983997866382184	3CLpro:1,NTPase:1,ORF1:0.9629411764705882,RdRp:1,VP1:0.933456561922366,VP2:0.5433962264150943,VPg:1,p22:0.903954802259887,p48:0.8524096385542169	0	2886	0						ORF1:23-65,ORF1:831-843,p48:23-65,p22:133-145,VP1:296-300,VP1:344-356,VP1:386-399,VP2:70-74,VP2:130-159,VP2:173-175,VP2:203-265	0.852	1.0	0.904	1.0	1.0	1.0	0.933	0.543			GII.4	GII	GII.4	Sydney_2012*	GIV.P1	GIV.P	GIV.P1	
KY855443	KY855443.1	KY855443	2013-XX-XX	Asia	China			6453	"Marmota himalayana"		2018-04-15	2018-04-15		"Luo et al."	Luo,X.L.,Lu,S.,Jin,D.,Yang,J.,Wu,S.S.,Xu,J.,Luo,X.,Xiong,Y.,Pu,J.	"National Institute for Communicable Disease Control and Prevention, Chinese Center for Disease Control and Prevention"	https://www.ncbi.nlm.nih.gov/nuccore/KY855443	0.9109214561941592	3CLpro:0.5248618784530387,NTPase:0.726775956284153,ORF1:0.07647058823529412,RdRp:0.9019607843137255,VP1:0.8927911275415896,VP2:0.35094339622641507,VPg:0.5789473684210527,p22:0.3446327683615819,p48:0.09939759036144578	0	3298	0						ORF1:126-177,ORF1:188-211,ORF1:234-268,ORF1:277-426,ORF1:438-668,ORF1:714-773,ORF1:828-977,ORF1:989-1047,ORF1:1088-1102,ORF1:1115-1177,ORF1:1189-1211,ORF1:1223-1536,ORF1:1544-1691,p48:126-177,p48:188-211,p48:234-268,p48:277-332,NTPase:16-37,NTPase:60-74,NTPase:99-105,NTPase:346-366,p22:44-61,p22:76-150,p22:159-172,VPg:12-41,VPg:88-113,3CLpro:40-85,3CLpro:96-105,3CLpro:170-177,RdRp:25-32,RdRp:316-330,RdRp:349-353,RdRp:492-510,VP1:349-352,VP1:370-381,VP1:396-406,VP1:459-472,VP1:501-508,VP2:61-119,VP2:138-149	0.099	0.727	0.345	0.579	0.525	0.902	0.893	0.351			GII.4	GII	GII.4	Sydney_2012*	GII.P16	GII.P	GII.P16	
LC011951	LC011951.1	LC011951	2012-XX-XX	Asia	Japan			5160	"Felis catus"		2015-05-28	2015-05-28		"Takano et al."	Takano,T.,Hohdatsu,T.	"Veterinary Medicine; 35-1 Higashi23, Towada, Aomori 034-8628"	https://www.ncbi.nlm.nih.gov/nuccore/LC011951	0.6796906254167222	3CLpro:1,NTPase:1,ORF1:0.9582352941176471,RdRp:1,VP1:0.009242144177449169,VPg:1,p22:0.8361581920903954,p48:0.8765060240963856	0	1908	0						ORF1:47-86,ORF1:845-864,p48:47-86,p22:147-166	0.877	1.0	0.836	1.0	1.0	1.0	0.009	0.0			GII.4	GII	GII.4	Sydney_2012*	GVI.P1	GVI.P	GVI.P1	
KX158282	KX158282.1	KX158282	2015-XX-XX	"North America"	Canada			7491	"Homo sapiens"		2016-12-03	2016-12-03		"Nasheri et al."	Nasheri,N.,Ronholm,J.,Petronella,N.	"Health Canada, Bureau of Microbial Hazards"	https://www.ncbi.nlm.nih.gov/nuccore/KX158282	0.9770636084811308	3CLpro:0.08839779005524862,NTPase:0.2103825136612022,ORF1:0.24588235294117647,RdRp:0.30196078431372547,VP1:0.30129390018484287,VP2:0.4075471698113208,VPg:0.10526315789473684,p22:0.4067796610169492,p48:0.29518072289156627	0	3935	0						ORF1:87-159,ORF1:178-205,ORF1:263-311,ORF1:329-343,ORF1:367-388,ORF1:409-421,ORF1:437-465,ORF1:472-485,ORF1:513-573,ORF1:628-645,ORF1:667-689,ORF1:710-792,ORF1:831-846,ORF1:886-967,ORF1:981-1152,ORF1:1217-1224,ORF1:1243-1264,ORF1:1307-1482,ORF1:1496-1551,ORF1:1578-1633,ORF1:1664-1677,p48:87-159,p48:178-205,p48:263-311,p48:329-332,NTPase:12-34,NTPase:48-75,NTPase:90-139,NTPase:157-229,NTPase:243-295,NTPase:314-334,NTPase:359-366,p22:12-94,p22:133-148,VPg:11-92,VPg:106-133,3CLpro:17-181,RdRp:28-35,RdRp:54-75,RdRp:118-293,RdRp:307-362,RdRp:389-444,RdRp:475-488,VP1:17-115,VP1:134-170,VP1:180-201,VP1:208-221,VP1:248-279,VP1:337-468,VP1:486-502,VP1:533-541,VP2:12-39,VP2:48-99,VP2:142-152,VP2:198-210,VP2:225-265	0.295	0.21	0.407	0.105	0.088	0.302	0.301	0.408	GII.6	GII.P7	GII.4	GII	GII.4	Sydney_2012*	GII.P16	GII.P	GII.P16	
JX846929	JX846929.1	JX846929	1978-04-27	"North America"	USA	"Washington DC"		5665	"Homo sapiens"		2012-11-24	2013-10-24		"Madupu et al."	Madupu,R.,Halpin,R.,Ransier,A.,Fedorova,N.,Tsitrin,T.,McLellan,M.,Stockwell,T.,Amedeo,P.,Appalla,L.,Bishop,B.,Edworthy,P.,Gupta,N.,Hoover,J.,Katzel,D.,Li,K.,Schobel,S.,Shrivastava,S.,Thovarai,V.,Wang,S.,Kim,M.,Bok,K.,Sosnovtsev,S.V.,Wentworth,D.E.,Green,K.Y.	"J. Craig Venter Institute"	https://www.ncbi.nlm.nih.gov/nuccore/JX846929	0.6554207227630351	3CLpro:0.5193370165745856,NTPase:0.47540983606557374,ORF1:0.45705882352941174,RdRp:0.984313725490196,VP1:0.3844731977818854,VPg:1,p22:0.03954802259887006,p48:0.6656626506024096	807	1927	0						ORF1:13-58,ORF1:140-154,ORF1:286-393,ORF1:404-840,ORF1:857-1145,ORF1:1195-1201,p48:13-58,p48:140-154,p48:286-332,NTPase:65-70,p22:44-82,p22:109-137,p22:141-177,3CLpro:139-181,RdRp:6-12,VP1:9-14	0.666	0.475	0.04	1.0	0.519	0.984	0.384	0.0	GI.3	GI.P3	GII.4	GII	GII.4	Sydney_2012*	GI.P3	GI.P	GI.P3	
KC597145	KC597145.1	KC597145	2010-07-02	"North America"	USA	Maryland		5524	"Homo sapiens"		2013-04-02	2013-10-23		"Madupu et al."	Madupu,R.,Halpin,R.A.,Ransier,A.,Fedorova,N.,Tsitrin,T.,McLellan,M.,Stockwell,T.,Amedeo,P.,Appalla,L.,Bishop,B.,Edworthy,P.,Gupta,N.,Hoover,J.,Katzel,D.,Li,K.,Schobel,S.,Shrivastava,S.,Thovarai,V.,Wang,S.,Kim,M.,Bok,K.,Sosnovtsev,S.V.,Wentworth,D.E.,Green,K.Y.	"J. Craig Venter Institute"	https://www.ncbi.nlm.nih.gov/nuccore/KC597145	0.7366315508734498	3CLpro:1,NTPase:0.9808743169398907,ORF1:0.9958823529411764,RdRp:1,VP1:0.2846580406654344,VPg:1,p22:1,p48:1	20	1288	0							1.0	0.981	1.0	1.0	1.0	1.0	0.285	0.0	GII.12	"GII.P33 (GII.Pg)"	GII.4	GII	GII.4	Sydney_2012*	GII.P33	GII.P	GII.P33	
FJ550287	FJ550287.1	FJ550287	2000-XX-XX	Europe	"United Kingdom"			1650	"Bos taurus"		2009-04-01	2009-04-22		"D'Mello et al."	"D'Mello,F.,Jervis,S.M.,Edwards,P.M.,Oliver,S.L.,Bridger,J.C.,D'Mello,F.I.M."	"Royal Veterinary College, Pathology and Infectious Diseases"	https://www.ncbi.nlm.nih.gov/nuccore/FJ550287	0.2361648219762635	ORF1:0.010588235294117647,RdRp:0.03529411764705882,VP1:0.27171903881700554,VP2:0	0	888	0						ORF1:1699-1700,RdRp:510,VP1:6-47,VP1:69-203,VP1:209-220,VP1:231-304,VP1:326-336,VP1:381-399,VP1:448-459,VP1:481-528,VP2:11-265	0.0	0.0	0.0	0.0	0.0	0.035	0.272	0.0			GII.4	GII	GII.4	Sydney_2012*	GII.P16	GII.P	GII.P16	
FJ550288	FJ550288.1	FJ550288	2000-XX-XX	Europe	"United Kingdom"			1650	"Bos taurus"		2009-04-01	2009-04-22		"D'Mello et al."	"D'Mello,F.,Jervis,S.M.,Edwards,P.M.,Oliver,S.L.,Bridger,J.C.,D'Mello,F.I.M."	"Royal Veterinary College, Pathology and Infectious Diseases"	https://www.ncbi.nlm.nih.gov/nuccore/FJ550288	0.2361648219762635	ORF1:0.010588235294117647,RdRp:0.03529411764705882,VP1:0.2735674676524954,VP2:0	0	898	0						ORF1:1699-1700,RdRp:510,VP1:6-47,VP1:69-220,VP1:231-243,VP1:286-336,VP1:381-399,VP1:481-528,VP2:11-265	0.0	0.0	0.0	0.0	0.0	0.035	0.274	0.0			GII.4	GII	GII.4	Sydney_2012*	GII.P16	GII.P	GII.P16	
FJ550289	FJ550289.1	FJ550289	2000-XX-XX	Europe	"United Kingdom"			1650	"Bos taurus"		2009-04-01	2009-04-22		"D'Mello et al."	"D'Mello,F.,Jervis,S.M.,Edwards,P.M.,Oliver,S.L.,Bridger,J.C.,D'Mello,F.I.M."	"Royal Veterinary College, Pathology and Infectious Diseases"	https://www.ncbi.nlm.nih.gov/nuccore/FJ550289	0.23563141752233632	ORF1:0.010588235294117647,RdRp:0.03529411764705882,VP1:0.3197781885397412,VP2:0	0	891	4						ORF1:1699-1700,RdRp:510,VP1:6-47,VP1:69-243,VP1:286-336,VP1:381-399,VP1:481-528,VP2:11-265	0.0	0.0	0.0	0.0	0.0	0.035	0.32	0.0			GII.4	GII	GII.4	Sydney_2012*	GII.P16	GII.P	GII.P16	
FJ550290	FJ550290.1	FJ550290	2000-XX-XX	Europe	"United Kingdom"			1650	"Bos taurus"		2009-04-01	2009-04-22		"D'Mello et al."	"D'Mello,F.,Jervis,S.M.,Edwards,P.M.,Oliver,S.L.,Bridger,J.C.,D'Mello,F.I.M."	"Royal Veterinary College, Pathology and Infectious Diseases"	https://www.ncbi.nlm.nih.gov/nuccore/FJ550290	0.23509801306840913	ORF1:0.00823529411764706,RdRp:0.027450980392156862,VP1:0.1645101663585952,VP2:0	0	882	2						ORF1:1697-1700,RdRp:508-510,VP1:3-47,VP1:69-243,VP1:259-402,VP1:425-485,VP1:522-541,VP2:8-265	0.0	0.0	0.0	0.0	0.0	0.027	0.165	0.0			GII.4	GII	GII.4	Sydney_2012*	GII.P16	GII.P	GII.P16	
FJ550291	FJ550291.1	FJ550291	2000-XX-XX	Europe	"United Kingdom"			1650	"Bos taurus"		2009-04-01	2009-04-22		"D'Mello et al."	"D'Mello,F.,Jervis,S.M.,Edwards,P.M.,Oliver,S.L.,Bridger,J.C.,D'Mello,F.I.M."	"Royal Veterinary College, Pathology and Infectious Diseases"	https://www.ncbi.nlm.nih.gov/nuccore/FJ550291	0.2366982264301907	ORF1:0.00823529411764706,RdRp:0.027450980392156862,VP1:0.19038817005545286,VP2:0.09056603773584905	0	889	0						ORF1:1697-1700,RdRp:508-510,VP1:3-47,VP1:69-243,VP1:259-291,VP1:311-402,VP1:425-485,VP1:522-541,VP2:13-27	0.0	0.0	0.0	0.0	0.0	0.027	0.19	0.091			GII.4	GII	GII.4	Sydney_2012*	GII.P16	GII.P	GII.P16	
FJ550292	FJ550292.1	FJ550292	2000-XX-XX	Europe	"United Kingdom"			1650	"Bos taurus"		2009-04-01	2009-04-22		"D'Mello et al."	"D'Mello,F.,Jervis,S.M.,Edwards,P.M.,Oliver,S.L.,Bridger,J.C.,D'Mello,F.I.M."	"Royal Veterinary College, Pathology and Infectious Diseases"	https://www.ncbi.nlm.nih.gov/nuccore/FJ550292	0.2372316308841179	ORF1:0.010588235294117647,RdRp:0.03529411764705882,VP1:0.26247689463955637,VP2:0.09056603773584905	0	910	2						ORF1:1699-1700,RdRp:510,VP1:6-47,VP1:69-291,VP1:310-402,VP1:448-459,VP1:522-541,VP2:13-27	0.0	0.0	0.0	0.0	0.0	0.035	0.262	0.091			GII.4	GII	GII.4	Sydney_2012*	GII.P16	GII.P	GII.P16	
FJ550293	FJ550293.1	FJ550293	2000-XX-XX	Europe	"United Kingdom"			1650	"Bos taurus"		2009-04-01	2009-04-22		"D'Mello et al."	"D'Mello,F.,Jervis,S.M.,Edwards,P.M.,Oliver,S.L.,Bridger,J.C.,D'Mello,F.I.M."	"Royal Veterinary College, Pathology and Infectious Diseases"	https://www.ncbi.nlm.nih.gov/nuccore/FJ550293	0.23536471529537273	ORF1:0.010588235294117647,RdRp:0.03529411764705882,VP1:0.07393715341959335,VP2:0	0	921	0						ORF1:1699-1700,RdRp:510,VP1:6-47,VP1:69-429,VP1:456-541,VP2:17-265	0.0	0.0	0.0	0.0	0.0	0.035	0.074	0.0			GII.4	GII	GII.4	Sydney_2012*	GII.P16	GII.P	GII.P16	
FJ550294	FJ550294.1	FJ550294	2000-XX-XX	Europe	"United Kingdom"			1650	"Bos taurus"		2009-04-01	2009-04-22		"D'Mello et al."	"D'Mello,F.,Jervis,S.M.,Edwards,P.M.,Oliver,S.L.,Bridger,J.C.,D'Mello,F.I.M."	"Royal Veterinary College, Pathology and Infectious Diseases"	https://www.ncbi.nlm.nih.gov/nuccore/FJ550294	0.22269635951460195	NTPase:0,ORF1:0,p48:0.4789156626506024	0	920	0						ORF1:43-102,ORF1:147-241,ORF1:289-298,ORF1:313-316,ORF1:361-416,ORF1:509-525,ORF1:546-1700,p48:43-102,p48:147-241,p48:289-298,p48:313-316,NTPase:29-84,NTPase:177-193,NTPase:214-366	0.479	0.0	0.0	0.0	0.0	0.0	0.0	0.0			GII.4	GII	GII.4	Sydney_2012*	GII.P16	GII.P	GII.P16	
HQ008348	HQ008348.1	Bo/32TE/2010/ITA	2010-XX-XX	Europe	Italy			2449	"Bos taurus"		2010-11-20	2016-07-25		"Di Martino et al."	"Di Martino,B.,Di Profio,F.,Martella,V.,Ceci,C.,Marsilio,F."	"University of Teramo, Scienze Biomediche Comparate"	https://www.ncbi.nlm.nih.gov/nuccore/HQ008348	0.33631150820109346	ORF1:0.11529411764705882,RdRp:0.3843137254901961,VP1:0.12199630314232902,VP2:0.10943396226415095	0	1324	0						"ORF1:1571-1587,ORF1:1613-1632,ORF1:1666-1700,RdRp:382-398,RdRp:424-443,RdRp:477-510,VP1:6-58,VP1:75-322,VP1:343-501,VP1:empty range,VP2:17-23"	0.0	0.0	0.0	0.0	0.0	0.384	0.122	0.109			GII.4	GII	GII.4	Sydney_2012*	GII.P16	GII.P	GII.P16	
HQ008349	HQ008349.1	Bo/16TE/2010/ITA	2010-XX-XX	Europe	Italy			2446	"Bos taurus"		2010-11-20	2016-07-25		"Di Martino et al."	"Di Martino,B.,Di Profio,F.,Martella,V.,Ceci,C.,Marsilio,F."	"University of Teramo, Scienze Biomediche Comparate"	https://www.ncbi.nlm.nih.gov/nuccore/HQ008349	0.31630884117882385	ORF1:0.10647058823529412,RdRp:0.35490196078431374,VP1:0.15157116451016636	0	1295	0						ORF1:1571-1588,ORF1:1616-1627,ORF1:1640-1657,ORF1:1666-1700,RdRp:382-399,RdRp:427-438,RdRp:451-468,RdRp:477-510,VP1:6-58,VP1:75-276,VP1:281-350,VP1:375-427,VP1:495-541	0.0	0.0	0.0	0.0	0.0	0.355	0.152	0.0			GII.4	GII	GII.4	Sydney_2012*	GII.P16	GII.P	GII.P16	
